00003134,グランドメルキュール札幌大通公園,北海道／札幌市,294 ,060-0001,北海道,札幌市中央区北一条西11丁目1番地1,43.060698,141.340091,札幌・北海道,
00000655,JRタワーホテル日航札幌,北海道／札幌駅 直結,330 ,060-0005,北海道,札幌市中央区北5条西2丁目5,43.068347,141.352429,札幌・北海道,
00003064,ホテル エミオン 札幌,北海道／札幌市,295 ,060-0808,北海道,札幌市北区北8条西1丁目4番,43.070985,141.354128,札幌・北海道,
00000050,札幌グランドホテル,北海道／札幌駅地下直結 徒歩10分,494 ,060-0001,北海道,札幌市中央区北1条西4丁目,43.062767,141.350885,札幌・北海道,
00000164,京王プラザホテル札幌,北海道／札幌駅 徒歩5分,468 ,060-0005,北海道,札幌市中央区北5条西7丁目2-1,43.066395,141.344994,札幌・北海道,
00000781,札幌プリンスホテル,北海道／西11丁目駅 徒歩3分,587 ,060-8615,北海道,札幌市中央区南2条西11丁目,43.055929,141.341149,札幌・北海道,
00000686,札幌ビューホテル大通公園,北海道／大通駅 徒歩5分,347 ,060-0042,北海道,札幌市中央区大通西8丁目,43.058826,141.34493,札幌・北海道,
00000243,札幌パークホテル,北海道／中島公園駅 徒歩1分,216 ,064-8589,北海道,札幌市中央区南十条西3丁目1-1,43.047697,141.356202,札幌・北海道,
00000495,札幌エクセルホテル東急,北海道／中島公園駅 徒歩3分,382 ,064-0808,北海道,札幌市中央区南8条西5丁目420,43.049306,141.352158,札幌・北海道,
00000804,ANAクラウンプラザホテル札幌,北海道／札幌駅 徒歩7分,412 ,060-0003,北海道,札幌市中央区北3条西1丁目2-9,43.06582,141.355162,札幌・北海道,
00002827,ソラリア西鉄ホテル札幌,北海道／札幌,318 ,060-0004,北海道,札幌市中央区北4条西5丁目1番2号,43.065453,141.348527,札幌・北海道,
00001515,メルキュール札幌,北海道／すすきの駅 徒歩2分,285 ,064-0804,北海道,札幌市中央区南4条西2丁目2-4,43.055595,141.355682,札幌・北海道,
00002418,ホテルメトロポリタン仙台イースト,宮城県／仙台駅,282 ,980-8487,宮城県,仙台市青葉区中央一丁目1－1,38.260367,140.883073,仙台・東北,
00000312,仙台ロイヤルパークホテル,宮城県／仙台・泉区,110 ,981-3204,宮城県,仙台市泉区寺岡6-2-1,38.342914,140.83771,仙台・東北,
00001632,ウェスティンホテル仙台,宮城県／仙台,292 ,980-0811,宮城県,仙台市青葉区一番町1-9-1,38.25644,140.87618,仙台・東北,
00000114,ホテルメトロポリタン仙台,宮城県／仙台駅前,295 ,980-8477,宮城県,仙台市青葉区中央一丁目1－1,38.258811,140.881077,仙台・東北,
00001566,三井ガーデンホテル仙台,宮城県／仙台,224 ,980-0014,宮城県,仙台市青葉区本町2-4-6,38.26358,140.873514,仙台・東北,
00000352,ANAホリデイ・イン仙台,宮城県／仙台駅東口,165 ,984-0051,宮城県,仙台市若林区新寺1-4-1,38.255538,140.884123,仙台・東北,
00000119,仙台国際ホテル,宮城県／仙台,234 ,980-0021,宮城県,仙台市青葉区中央4-6-1,38.256944,140.877725,仙台・東北,
00000705,ホテルモントレ仙台,宮城県／仙台駅前,206 ,980-0021,宮城県,仙台市青葉区中央4-1-8,38.258058,140.88038,仙台・東北,
00000198,ホテルオークラ東京ベイ,千葉県／舞浜,427 ,279-8585,千葉県,浦安市舞浜1-8,35.627017,139.875048,舞浜・東京ベイサイド,
00002764,グランドニッコー東京ベイ　舞浜,千葉県／舞浜,709 ,279-0031,千葉県,浦安市舞浜1-7,35.629356,139.873628,舞浜・東京ベイサイド,
00000192,浦安ブライトンホテル東京ベイ,千葉県／新浦安,189 ,279-0011,千葉県,浦安市美浜1-9,35.649991,139.911606,舞浜・東京ベイサイド,
00000201,ホテルニューオータニ幕張,千葉県／海浜幕張,418 ,261-0021,千葉県,千葉市美浜区ひび野2-120-3,35.645521,140.038217,舞浜・東京ベイサイド,
00002643,ハイアット リージェンシー 東京ベイ,千葉県／浦安,350 ,279-0014,千葉県,浦安市明海5-8-23,35.6376,139.926419,舞浜・東京ベイサイド,
00000152,シェラトン・グランデ・トーキョーベイ・ホテル,千葉県／舞浜,1016 ,279-0031,千葉県,浦安市舞浜1-9,35.625973,139.877431,舞浜・東京ベイサイド,
00001562,東京ディズニーランドホテル,千葉県／舞浜,706 ,279-8505,千葉県,浦安市舞浜29-1,35.636873,139.878245,舞浜・東京ベイサイド,
00001229,東京ベイ舞浜ホテル,千葉県／舞浜,428 ,279-0031,千葉県,浦安市舞浜1-34,35.630715,139.873909,舞浜・東京ベイサイド,
00000071,東京ベイ舞浜ホテル ファーストリゾート,千葉県／舞浜,696 ,279-0031,千葉県,浦安市舞浜1-6,35.631703,139.873727,舞浜・東京ベイサイド,
00001331,ホテル　エミオン　東京ベイ,千葉県／新浦安,583 ,279-0013,千葉県,浦安市日の出1-1-1,35.647361,139.919775,舞浜・東京ベイサイド,
00001563,東京ディズニーシー・ホテルミラコスタ?,千葉県／舞浜,502 ,279-8519,千葉県,浦安市舞浜1-13,35.627314,139.887124,舞浜・東京ベイサイド,
00001406,ディズニーアンバサダー?ホテル,千葉県／舞浜,504 ,279-8522,千葉県,浦安市舞浜2-11,35.633023,139.887306,舞浜・東京ベイサイド,
00000049,ヒルトン東京ベイ,千葉県／舞浜,828 ,279-0031,千葉県,浦安市舞浜1-8,35.627171,139.873704,舞浜・東京ベイサイド,
00002923,東京ディズニーリゾート・トイ・ストーリー?ホテル,千葉県／舞浜,595 ,279-8506,千葉県,浦安市舞浜1-47,35.626628,139.875429,舞浜・東京ベイサイド,
00001302,三井ガーデンホテルプラナ東京ベイ,千葉県／新浦安,550 ,279-0014,千葉県,浦安市明海6-2-1,35.635928,139.924681,舞浜・東京ベイサイド,
00003151,星野リゾート　1955 東京ベイ,千葉県／浦安市,638 ,279-0013,千葉県,浦安市日の出7丁目2-3,35.637362,139.931894,舞浜・東京ベイサイド,
00002272,東京ディズニーセレブレーションホテル?,千葉県／新浦安,702 ,279-8502,千葉県,浦安市明海7丁目1番1号,35.637791,139.929599,舞浜・東京ベイサイド,
00001089,オリエンタルホテル 東京ベイ,千葉県／新浦安,511 ,279-0011,千葉県,浦安市美浜1-8-2,35.650622,139.912729,舞浜・東京ベイサイド,
00001806,パレスホテル東京,東京都／丸の内／大手町地下通路直結,284 ,100-0005,東京都,千代田区丸の内1-1-1,35.684658,139.761258,東京,
00002620,The Okura Tokyo,東京都／虎ノ門,508 ,105-0001,東京都,港区虎ノ門2-10-4,35.666925,139.743978,東京,
00001833,東京ステーションホテル,東京都／東京駅丸の内南口直結,150 ,100-0005,東京都,千代田区丸の内1-9-1 JR東京駅丸の内南口直結,35.681295,139.765932,東京,
00002130,ホテルニューオータニ,東京都／赤坂見附駅 徒歩3分,1474 ,102-8578,東京都,千代田区紀尾井町4-1,35.681248,139.734155,東京,
00001425,シャングリ・ラ 東京,東京都／丸の内・東京駅隣接,200 ,100-8283,東京都,千代田区丸の内1-8-3　丸の内トラストタワー本館,35.682535,139.769472,東京,
00000315,帝国ホテル 東京,東京都／日比谷,544 ,100-8558,東京都,千代田区内幸町1-1-1,35.672511,139.75842,東京,
00000946,ザ・プリンス パークタワー東京,東京都／都営三田線「芝公園駅」A4出口徒歩3分,603 ,105-8563,東京都,港区芝公園4-8-1,35.655482,139.747183,東京,
00000171,東京ドームホテル,東京都／水道橋駅 徒歩2分,1006 ,112-8562,東京都,文京区後楽1-3-61,35.703618,139.753517,東京,
00000644,グランドプリンスホテル新高輪,東京都／JR品川駅徒歩約5分,908 ,108-8612,東京都,港区高輪3-13-1,35.629898,139.733466,東京,
00001290,ザ・リッツ・カールトン東京,東京都／東京ミッドタウン・六本木駅直結,245 ,107-6245,東京都,港区赤坂9-7-1　東京ミッドタウン,35.666512,139.731245,東京,
00000355,セルリアンタワー東急ホテル,東京都／渋谷駅徒歩5分,408 ,150-8512,東京都,渋谷区桜丘町26-1,35.656406,139.699523,東京,
00000186,ホテル椿山荘東京,東京都／江戸川橋,266 ,112-8680,東京都,文京区関口　2-10-8,35.712203,139.726167,東京,
00000588,パーク ハイアット 東京,東京都／西新宿,177 ,163-1055,東京都,新宿区西新宿3-7-1-2,35.685583,139.69062,東京,
00002829,フォーシーズンズホテル東京大手町,東京都／大手町ワンタワー・大手町駅直結,190 ,100-0004,東京都,千代田区大手町1-2-1,35.68758,139.763269,東京,
00000646,グランドプリンスホテル高輪,東京都／JR品川駅徒歩約5分,372 ,108-8612,東京都,港区高輪3-13-1,35.631804,139.734387,東京,
00000065,グランドニッコー東京 台場,東京都／お台場,882 ,135-8701,東京都,港区台場 2-6-1,35.625309,139.772043,東京,
00001045,三井ガーデンホテル銀座プレミア,東京都／新橋駅 徒歩3分,361 ,104-0061,東京都,中央区銀座8-13-1,35.667082,139.763205,東京,
00000177,第一ホテル東京,東京都／JR「新橋駅」日比谷口から徒歩約2分,278 ,105-8621,東京都,港区新橋1-2-6,35.668725,139.757357,東京,
00001278,ホテルメトロポリタン 丸の内,東京都／東京駅日本橋口直結,343 ,100-0005,東京都,千代田区丸の内1-7-12　サピアタワー27階～34階,35.683474,139.768749,東京,
00002119,アマン東京,東京都／大手町・丸の内・大手町駅直結,84 ,100-0004,東京都,千代田区大手町1-5-6 大手町タワー,35.685553,139.765367,東京,
00003044,ブルガリ ホテル 東京,東京都／中央区,98 ,104-0028,東京都,中央区八重洲二丁目2-1,35.679408,139.768931,東京,
00002297,ザ・プリンスギャラリー 東京紀尾井町，ラグジュアリーコレクションホテル,東京都／永田町駅直結・赤坂見附駅 徒歩1分,250 ,102-8585,東京都,千代田区紀尾井町1-2,35.679653,139.736969,東京,
00000610,ANAインターコンチネンタルホテル東京,東京都／赤坂・溜池山王,844 ,107-0052,東京都,港区赤坂1丁目12番33号,35.66823,139.741089,東京,
00000209,シェラトン都ホテル東京,東京都／白金台,471 ,108-8640,東京都,港区白金台1-1-50,35.639487,139.730379,東京,
00000645,ザ・プリンス さくらタワー東京、オートグラフ コレクション,東京都／JR品川駅徒歩約3分,288 ,108-8612,東京都,港区高輪3-13-1,35.630948,139.735199,東京,
00002617,三井ガーデンホテル神宮外苑の杜プレミア,東京都／神宮外苑,362 ,160-0013,東京都,新宿区霞ヶ丘町11-3,35.680123,139.715749,東京,
00001050,マンダリン オリエンタル 東京,東京都／日本橋／三越前駅直結,179 ,103-8328,東京都,中央区日本橋室町2-1-1,35.686944,139.773071,東京,
00000187,京王プラザホテル,東京都／新宿西口,1453 ,160-8330,東京都,新宿区西新宿2-2-1,35.689556,139.694389,東京,
00000104,ヒルトン東京お台場,東京都／お台場,453 ,135-8625,東京都,港区台場1-9-1,35.626256,139.770718,東京,
00000079,ホテル インターコンチネンタル 東京ベイ,東京都／竹芝,330 ,105-8576,東京都,港区海岸1-16-2,35.653042,139.762316,東京,
00000620,ストリングスホテル東京インターコンチネンタル,東京都／品川・港南口より徒歩1分,203 ,108-8282,東京都,港区港南2-16-1品川イーストワンタワー,35.627897,139.740761,東京,
00000816,丸ノ内ホテル,東京都／東京駅丸の内北口 徒歩1分,205 ,100-0005,東京都,千代田区丸の内1-6-3,35.683452,139.766781,東京,
00000131,ホテルメトロポリタン,東京都／池袋,805 ,171-8505,東京都,豊島区西池袋1丁目6番1号,35.728463,139.708022,東京,
00000239,ウェスティンホテル東京,東京都／恵比寿ガーデンプレイス,445 ,153-8580,東京都,目黒区三田1-4-1 恵比寿ガーデンプレイス内,35.641516,139.715364,東京,
00000618,ホテルメトロポリタン　エドモント,東京都／水道橋／飯田橋駅徒歩5分,666 ,102-8130,東京都,千代田区飯田橋3-10-8,35.700862,139.749122,東京,
00000089,リーガロイヤルホテル東京,東京都／早稲田,131 ,169-8613,東京都,新宿区戸塚町1-104-19,35.710326,139.72257,東京,
00002737,メズム東京、オートグラフ コレクション,東京都／竹芝・浜松町,265 ,105-0022,東京都,港区海岸1-10-30,35.65596,139.762877,東京,
00000147,浅草ビューホテル,東京都／つくばエクスプレス「浅草駅」直結,326 ,111-8765,東京都,台東区西浅草3-17-1,35.715466,139.791943,東京,
00002578,THE KITANO HOTEL TOKYO,東京都／永田町,70 ,102-0093,東京都,千代田区平河町2-16-15,35.679273,139.74096,東京,
00000630,ザ ロイヤルパークホテル アイコニック 東京汐留,東京都／汐留,490 ,105-8333,東京都,港区東新橋1-6-3,35.66414,139.760465,東京,
00002511,三井ガーデンホテル日本橋プレミア,東京都／東京メトロ「三越前」駅 地下直結,264 ,103-0022,東京都,中央区日本橋室町3丁目4番地4号,35.688367,139.773338,東京,
00002011,アンダーズ 東京,東京都／虎ノ門ヒルズ 森タワー,164 ,105-0001,東京都,港区虎ノ門1-23-4,35.666801,139.749471,東京,
00002770,ヴィラフォンテーヌ グランド 東京有明｜住友不動産,東京都／有明,749 ,135-0063,東京都,江東区有明2-1-5,35.637408,139.791553,東京,
00000103,ロイヤルパークホテル,東京都／日本橋・水天宮前駅直結,419 ,103-8520,東京都,中央区日本橋蛎殻町2-1-1,35.68237,139.786686,東京,
00001281,三井ガーデンホテル汐留イタリア街,東京都／浜松町駅徒歩8分,372 ,105-0021,東京都,港区東新橋2-14-24,35.660198,139.75701,東京,
00001279,ザ・ペニンシュラ東京,東京都／日比谷,314 ,100-0006,東京都,千代田区有楽町1-8-1,35.674694,139.760656,東京,
00002708,三井ガーデンホテル六本木プレミア,東京都／六本木駅より徒歩5分,257 ,106-0032,東京都,港区六本木3-15-17,35.662094,139.735921,東京,
00000662,グランド ハイアット 東京,東京都／六本木ヒルズ,387 ,106-0032,東京都,港区六本木6-10-3,35.659832,139.728402,東京,
00002756,三井ガーデンホテル豊洲プレミア,東京都／豊洲,225 ,135-0061,東京都,江東区豊洲2-2-1,35.654687,139.794291,東京,
00000616,フォーシーズンズホテル丸の内 東京,東京都／丸の内・東京駅隣接　徒歩約3分,57 ,100-6277,東京都,千代田区丸の内1-11-1　パシフィックセンチュリープレイス丸の内,35.677994,139.766873,東京,
00002902,ホテルグランバッハ東京銀座,東京都／銀座,144 ,104-0061,東京都,中央区銀座５丁目13番12号,35.66868,139.766361,東京,
00002024,ザ ロイヤルパークホテル 東京羽田,東京都／羽田空港,313 ,144-0041,東京都,大田区羽田空港2-6-5 羽田空港第3旅客ターミナルビル内,35.546926,139.768204,東京,
00003089,ホテルメトロポリタン 羽田,東京都／大田区,237 ,144-0041,東京都,大田区羽田空港1-1-4　HANEDA　INNOVATION　CITY　ZONE　A,35.549025,139.755041,東京,
00000943,コンラッド東京,東京都／汐留・新橋,291 ,105-7337,東京都,港区東新橋1-9-1,35.663162,139.761204,東京,
00001547,庭のホテル　東京,東京都／水道橋,229 ,101-0061,東京都,千代田区神田三崎町1-1-16,35.700622,139.75667,東京,
00000007,ハイアット リージェンシー 東京,東京都／新宿西口,746 ,160-0023,東京都,新宿区西新宿2-7-2,35.690901,139.691042,東京,
00000029,ヒルトン東京,東京都／新宿西口,830 ,160-0023,東京都,新宿区西新宿6-6-2,35.692554,139.691073,東京,
00002372,高輪 花香路（グランドプリンスホテル高輪内）,東京都／JR品川駅徒歩約5分,16 ,108-8612,東京都,港区高輪3-13-1,35.630948,139.735279,東京,
00000862,メルキュール東京銀座,東京都／銀座一丁目駅直結,208 ,104-0061,東京都,中央区銀座2-9-4,35.672855,139.768367,東京,
00000136,コートヤード・マリオット 銀座東武ホテル,東京都／銀座六丁目,196 ,104-0061,東京都,中央区銀座6-14-10,35.668533,139.764921,東京,
00001946,東京マリオットホテル,東京都／品川,249 ,140-0001,東京都,品川区北品川4-7-36,35.62149,139.737237,東京,
00001982,コートヤード・バイ・マリオット 東京ステーション,東京都／京橋駅隣接・東京駅 徒歩約4分,150 ,104-0031,東京都,中央区京橋2-1-3,35.677846,139.769764,東京,
00000070,横浜ベイホテル東急,神奈川県／横浜・みなとみらい,480 ,220-8543,神奈川県,横浜市西区みなとみらい2-3-7,35.456983,139.635233,横浜,
00002638,ザ・カハラ・ホテル＆リゾート 横浜,神奈川県／横浜・みなとみらい,146 ,220-0012,神奈川県,横浜市西区みなとみらい1-1-3,35.462537,139.6335,横浜,
00002766,ハイアット リージェンシー 横浜,神奈川県／横浜・山下町,315 ,231-8340,神奈川県,横浜市中区山下町280-2,35.445816,139.645245,横浜,
00002978,ウェスティンホテル横浜,神奈川県／みなとみらい,373 ,220-0012,神奈川県,横浜市西区みなとみらい4-2-8,35.457615,139.627039,横浜,
00000031,ヨコハマ グランド インターコンチネンタル ホテル,神奈川県／横浜・みなとみらい,594 ,220-8522,神奈川県,横浜市西区みなとみらい1-1-1,35.457607,139.637166,横浜,
00003016,三井ガーデンホテル横浜みなとみらいプレミア,神奈川県／横浜市,364 ,220-0012,神奈川県,横浜市西区みなとみらい三丁目3番3号,35.457016,139.629187,横浜,
00003035,ヒルトン横浜,神奈川県／横浜市,339 ,220-0012,神奈川県,横浜市西区みなとみらい6-2-13,35.464204,139.629456,横浜,
00000145,ホテルニューグランド,神奈川県／横浜・山下町,238 ,231-8520,神奈川県,横浜市中区山下町10番地,35.444816,139.649561,横浜,
00000218,箱根ホテル 富士屋ホテルレイクビューアネックス,神奈川県／芦ノ湖,48 ,250-0521,神奈川県,足柄下郡箱根町箱根65,35.19064,139.026022,箱根,
00001254,ハイアット リージェンシー 箱根 リゾート＆スパ,神奈川県／箱根,80 ,250-0408,神奈川県,足柄下郡箱根町強羅1320番地,35.249851,139.037336,箱根,
00000224,小田急 箱根ハイランドホテル,神奈川県／箱根仙石原,74 ,250-0631,神奈川県,足柄下郡箱根町仙石原品の木940,35.267671,139.015456,箱根,
00000674,ザ・プリンス 箱根芦ノ湖,神奈川県／芦ノ湖,135 ,250-0592,神奈川県,足柄下郡箱根町元箱根144,35.21375,139.008135,箱根,
00000770,ヒルトン小田原リゾート＆スパ,神奈川県／小田原・根府川,163 ,250-0024,神奈川県,小田原市根府川583-1,35.206783,139.131661,箱根,
00000037,横浜ベイシェラトン ホテル＆タワーズ,神奈川県／横浜駅西口,348 ,220-8501,神奈川県,横浜市西区北幸1-3-23,35.466837,139.620204,箱根,
00001309,新横浜プリンスホテル,神奈川県／新横浜,875 ,222-8533,神奈川県,横浜市港北区新横浜3-4,35.509809,139.619625,箱根,
00001429,箱根翡翠,神奈川県／箱根仙石原,70 ,250-0631,神奈川県,足柄下郡箱根町仙石原837,35.268249,139.009475,箱根,
00000671,箱根仙石原プリンスホテル,神奈川県／箱根仙石原,100 ,250-0631,神奈川県,足柄下郡箱根町仙石原1246,35.260333,138.995206,箱根,
00002998,THE HOTEL SANRAKU KANAZAWA（ザ ホテル山楽 金沢）,石川県／金沢,215 ,920-0902,石川県,金沢市尾張町1丁目1番1号,36.570367,136.659035,北陸,
00002785,ハイアット セントリック 金沢,石川県／金沢,253 ,920-0031,石川県,金沢市広岡1-5-2,36.580161,136.647699,北陸,
00000173,ホテル日航金沢,石川県／金沢,251 ,920-0853,石川県,金沢市本町2-15-1,36.57623,136.649381,北陸,
00002106,金沢　彩の庭ホテル,石川県／金沢,58 ,920-0043,石川県,金沢市長田2丁目4番8号,36.575807,136.637463,北陸,
00000710,ANAクラウンプラザホテル金沢,石川県／金沢,249 ,920-8518,石川県,金沢市昭和町16-3,36.576643,136.648574,北陸,
00000541,金沢東急ホテル,石川県／金沢,227 ,920-0961,石川県,金沢市香林坊2-1-1,36.562417,136.653127,北陸,
00001415,当間高原リゾート　ベルナティオ,新潟県／十日町,143 ,949-8556,新潟県,十日町市珠川,37.048492,138.73846,北陸,
00000669,ホテルオークラ新潟,新潟県／新潟,265 ,951-8053,新潟県,新潟市中央区川端町6-53,37.919885,139.051057,北陸,
00000740,ホテル日航新潟,新潟県／新潟駅周辺,203 ,950-0078,新潟県,新潟市中央区万代島5-1,37.925347,139.059533,北陸,
00000400,ANAクラウンプラザホテル新潟,新潟県／新潟駅周辺,182 ,950-8531,新潟県,新潟市中央区万代5-11-20,37.918743,139.059191,北陸,
00002176,ホテルニューオータニ長岡,新潟県／長岡,179 ,940-0048,新潟県,長岡市台町2-8-35,37.447254,138.855671,北陸,
00000917,苗場プリンスホテル,新潟県／苗場スキー場,1216 ,949-6292,新潟県,南魚沼郡湯沢町三国,36.79207,138.784632,北陸,
00003164,メルキュール富山砺波リゾート&スパ,富山県／砺波市,249 ,939-1438,富山県,砺波市安川字天皇330番地,36.614562,137.016999,北陸,
00000512,富山エクセルホテル東急,富山県／富山市,210 ,930-0002,富山県,富山市新富町1-2-3,36.699637,137.212607,北陸,
00003058,ダブルツリーbyヒルトン富山,富山県／富山市,201 ,930-0002,富山県,富山市新富町1丁目1番10号,36.699942,137.211805,北陸,
00000748,ANAクラウンプラザホテル富山,富山県／富山市,252 ,930-0084,富山県,富山市大手町2番3号,36.691576,137.212014,北陸,
00002420,ホテルニューオータニ高岡,富山県／富山県高岡市,80 ,933-0035,富山県,高岡市新横町1番地,36.744461,137.016476,北陸,
00000194,名古屋マリオットアソシアホテル,愛知県／JR名古屋駅上,769 ,450-6002,愛知県,名古屋市中村区名駅1-1-4,35.170305,136.882948,名古屋,
00003086,ザ　ロイヤルパークホテル　アイコニック　名古屋,愛知県／名古屋市,246 ,460-0008,愛知県,名古屋市中区栄4-1-1 中日ビル24階,35.168483,136.909594,名古屋,
00002368,名古屋JRゲートタワーホテル,愛知県／JR名古屋駅直結,350 ,450-6660,愛知県,名古屋市中村区名駅1-1-3,35.17205,136.88276,名古屋,
00002473,名古屋プリンスホテル スカイタワー,愛知県／名古屋駅から1駅ささしまライブ駅直結,170 ,453-6131,愛知県,愛知県名古屋市中村区平池町グローバルゲート31階,35.161348,136.883925,名古屋,
00003025,TIAD.AUTOGRAPH COLLECTION（マリオットグループ）,愛知県／名古屋市,150 ,460-0008,愛知県,名古屋市中区栄5-15-19,35.163888,136.909775,名古屋,
00002942,ホテルインディゴ犬山有楽苑,愛知県／犬山市,156 ,484-0082,愛知県,犬山市大字犬山北古券103番地1,35.388742,136.941485,名古屋,
00000191,ANAクラウンプラザホテルグランコート名古屋,愛知県／名古屋・金山,245 ,460-0023,愛知県,名古屋市中区金山町一丁目1番1号,35.142917,136.899738,名古屋,
00002216,ストリングスホテル 名古屋,愛知県／名古屋・名古屋駅から徒歩15分,126 ,453-0872,愛知県,名古屋市中村区平池町4-60-7,35.163203,136.884175,名古屋,
00000059,名古屋東急ホテル,愛知県／名古屋・栄,564 ,460-0008,愛知県,名古屋市中区栄4丁目6番8号,35.168573,136.913648,名古屋,
00000068,ヒルトン名古屋,愛知県／名古屋・伏見,460 ,460-0008,愛知県,名古屋市中区栄1－3－3,35.167476,136.894496,名古屋,
00002960,コートヤード・バイ・マリオット名古屋,愛知県／名古屋,360 ,460-0008,愛知県,名古屋市中区栄1丁目17番6号,35.165676,136.8926,名古屋,
00002413,琵琶湖マリオットホテル,滋賀県／滋賀守山,274 ,524-0101,滋賀県,守山市今浜町十軒家2876,35.125217,135.954987,京都,
00000060,ウェスティン都ホテル京都,京都府／東山けあげ,266 ,605-0052,京都府,京都市東山区粟田口華頂町1,35.008587,135.787889,京都,
00000146,ホテルグランヴィア京都,京都府／JR京都駅直結,537 ,600-8216,京都府,京都市下京区烏丸通塩小路下ル　JR京都駅烏丸中央口,34.985574,135.759604,京都,
00000151,京都ブライトンホテル,京都府／京都御所より徒歩5分,182 ,602-8071,京都府,京都市上京区新町通中立売（御所西）,35.024326,135.755875,京都,
00001024,都ホテル 京都八条,京都府／京都駅前,988 ,601-8412,京都府,京都市南区西九条院町17,34.983764,135.755865,京都,
00003166,メルキュール京都宮津リゾート&スパ,京都府／宮津市,311 ,626-8510,京都府,宮津市字田井小字岩本58,35.578494,135.234229,京都,
00000110,ホテルオークラ京都,京都府／河原町,321 ,604-0924,京都府,京都市中京区河原町通二条南入 一之船入町５３７番地の４,35.011474,135.76945,京都,
00002950,ハイアット プレイス 京都,京都府／中京区,239 ,604-0862,京都府,京都市中京区烏丸通夷川上る少将井町240,35.015422,135.759263,京都,
00001991,ザ・リッツ・カールトン京都,京都府／二条大橋,134 ,604-0902,京都府,京都市中京区鴨川二条大橋畔,35.013776,135.770864,京都,
00001640,京都新阪急ホテル,京都府／JR「京都駅」正面,325 ,600-8216,京都府,京都市下京区塩小路通JR京都駅正面,34.987434,135.757742,京都,
00002702,アマン京都,京都府／鷹峯（たかがみね）,26 ,603-8458,京都府,京都市北区大北山鷲峯町1番,35.04982,135.73175,京都,
00002358,フォーシーズンズホテル京都,京都府／東山周辺,176 ,605-0932,京都府,京都市東山区妙法院前側町445-3,34.99007,135.776163,京都,
00002947,ホテルオークラ京都 岡崎別邸,京都府／左京区,60 ,606-8335,京都府,京都市左京区岡崎天王町26-6,35.0169,135.788116,京都,
00001116,ハイアット リージェンシー 京都,京都府／京都駅周辺,187 ,605-0941,京都府,京都市東山区三十三間堂廻り644番地2,34.988512,135.773391,京都,
00003091,ダブルツリーbyヒルトン京都東山,京都府／京都市,158 ,605-0981,京都府,京都市東山区本町1丁目45番,34.995162,135.769617,京都,
00003057,KAYA 京都 二条城 BWシグネチャーコレクションbyベストウェスタン,京都府／京都市,57 ,604-0071,京都府,京都市中京区油小路通丸太町下る大文字町50番,35.016748,135.753491,京都,
00002973,THE BLOSSOM KYOTO（ザ ブラッサム 京都）,京都府／下京区,180 ,600-8104,京都府,京都市下京区五条通東洞院東入万寿寺町140番地2,34.996441,135.762006,京都,
00002625,京都 四条高倉ホテル grandereverie,京都府／京都市,16 ,600-8082,京都府,京都市下京区高倉通四条下ル高材木町225,35.002726,135.762562,京都,
00002857,トモヤレジデンスホテル京都　二条高倉,京都府／京都市,14 ,604-0831,京都府,京都市中京区二条通高倉西入松屋町58,35.013742,135.762105,京都,
00002925,NOHGA HOTEL KIYOMIZU KYOTO（ノーガホテル清水京都）,京都府／東山区,207 ,605-0846,京都府,京都市東山区五条橋東4丁目450番1号,34.994963,135.774093,京都,
00001000,京都・嵐山　ご清遊の宿　らんざん,京都府／嵯峨嵐山,40 ,616-8385,京都府,京都市右京区嵯峨天龍寺芒ノ馬場町33,35.013893,135.674446,京都,
00002012,京湯元 ハトヤ瑞鳳閣（京都温泉）,京都府／京都駅周辺,102 ,600-8234,京都府,京都市下京区西洞院通塩小路下ル南不動堂町802番地,34.986709,135.75494,京都,
00002967,東山　四季花木,京都府／東山,8 ,605-0023,京都府,京都市東山区三条通白川橋西入今小路町85-1,35.009275,135.779842,京都,
00002338,ダイワロイネットホテル京都駅前 PREMIER,京都府／京都駅前,205 ,600-8216,京都府,京都市下京区烏丸通七条下る東塩小路町707-2,34.988727,135.759036,京都,
00002728,La Viola,京都府／京都,12 ,600-8387,京都府,京都市下京区高辻大宮町138,34.99899,135.749365,京都,
00002321,ホテル京阪 京都 グランデ,京都府／京都駅周辺,320 ,601-8003,京都府,京都市南区東九条西山王町31番地,34.983697,135.760327,京都,
00002908,Abita Hotel KYOTO KAMOGAWA,京都府／京都市,11 ,605-0909,京都府,京都市東山区鍵屋町497-1,34.991959,135.768111,京都,
00003194,ダブルツリーbyヒルトン京都駅,京都府／京都市,266 ,601-8005,京都府,京都市南区東九条西岩本町15,34.984014,135.762785,京都,
00002040,HOTEL＆湖邸 艸花 -そうか-,京都府／丹後　網野町小浜,16 ,629-3113,京都府,京丹後市網野町小浜915-15,35.693331,135.042516,京都,
00000755,ANAクラウンプラザホテル京都,京都府／二条城,282 ,604-0055,京都府,京都市中京区堀川通二条城前,35.012591,135.752839,京都,
00002678,パーク ハイアット 京都,京都府／東山,70 ,605-0826,京都府,京都市東山区高台寺桝屋町360,34.999224,135.780788,京都,
00002862,W大阪,大阪府／中央区,337 ,542-0081,大阪府,大阪市中央区南船場4丁目1番3号,34.677823,135.499931,大阪,
00000432,ホテルニューオータニ大阪,大阪府／大阪城公園・京橋,525 ,540-8578,大阪府,大阪市中央区城見1-4-1,34.69103,135.532913,大阪,
00000573,帝国ホテル 大阪,大阪府／桜ノ宮,378 ,530-0042,大阪府,大阪市北区天満橋1-8-50,34.700919,135.519521,大阪,
00002711,都シティ 大阪本町,大阪府／堺筋本町,298 ,541-0057,大阪府,大阪市中央区北久宝寺町1-8-7,34.679755,135.506854,大阪,
00000129,ザ・リッツ・カールトン大阪,大阪府／梅田,291 ,530-0001,大阪府,大阪市北区梅田2丁目5番25号,34.698098,135.492251,大阪,
00001971,大阪マリオット都ホテル,大阪府／天王寺駅・大阪阿部野橋駅直結,360 ,545-0052,大阪府,大阪市阿倍野区阿倍野筋1-1-43,34.645946,135.514268,大阪,
00001656,セント レジス ホテル 大阪,大阪府／本町,160 ,541-0053,大阪府,大阪市中央区本町3丁目6-12,34.683469,135.501107,大阪,
00002144,ザ パーク フロント ホテル アット ユニバーサル・スタジオ・ジャパン,大阪府／ユニバーサルシティ,598 ,554-0024,大阪府,大阪市此花区島屋6-2-52,34.667801,135.437216,大阪,
00000730,ANAクラウンプラザホテル大阪,大阪府／梅田・堂島,473 ,530-0004,大阪府,大阪市北区堂島浜1-3-1,34.695608,135.49826,大阪,
00002456,コンラッド大阪,大阪府／中之島・梅田,164 ,530-0005,大阪府,大阪市北区中之島3-2-4　中之島フェスティバルタワー・ウェスト,34.693087,135.495835,大阪,
00001890,インターコンチネンタルホテル大阪,大阪府／梅田・グランフロント大阪,272 ,530-0011,大阪府,大阪市北区大深町3-60,34.70649,135.494594,大阪,
00000117,リーガロイヤルホテル,大阪府／中之島,1039 ,530-0005,大阪府,大阪市北区中之島5-3-68,34.690391,135.487237,大阪,
00000206,ヒルトン大阪,大阪府／大阪駅前,562 ,530-0001,大阪府,大阪市北区梅田1丁目8-8,34.699948,135.495994,大阪,
00000148,ホテル日航大阪,大阪府／心斎橋駅直結,603 ,542-0086,大阪府,大阪市中央区西心斎橋1-3-3,34.674068,135.499744,大阪,
00000056,グランドプリンスホテル大阪ベイ,大阪府／USJ・南港ベイエリア,480 ,559-0034,大阪府,大阪市住之江区南港北1-13-11,34.636259,135.416276,大阪,
00001401,ホテル京阪 ユニバーサル・タワー,大阪府／ユニバーサルシティ,641 ,554-0024,大阪府,大阪市此花区島屋6-2-45,34.667474,135.437928,大阪,
00000061,ウェスティンホテル大阪,大阪府／梅田,303 ,531-0076,大阪府,大阪市北区大淀中1-1-20,34.704617,135.489705,大阪,
00000983,ホテル ユニバーサル ポート,大阪府／ユニバーサルシティ,600 ,554-0031,大阪府,大阪市此花区桜島1-1-111,34.666125,135.437683,大阪,
00002177,コートヤード・バイ・マリオット 新大阪ステーション,大阪府／新大阪駅隣接,332 ,532-0003,大阪府,大阪市淀川区宮原1-2-70,34.734235,135.499151,大阪,
00000281,スイスホテル南海大阪,大阪府／南海なんば駅直結,546 ,542-0076,大阪府,大阪市中央区難波5-1-60,34.664207,135.501103,大阪,
00000189,ホテル日航関西空港,大阪府／関空／関西空港駅直結,576 ,549-0001,大阪府,泉佐野市泉州空港北1番地（関西国際空港内）,34.436692,135.242651,大阪,
00000454,シェラトン都ホテル大阪,大阪府／大阪上本町駅直結,578 ,543-0001,大阪府,大阪市天王寺区上本町6-1-55,34.665724,135.520656,大阪,
00002704,コートヤード・バイ・マリオット大阪本町,大阪府／本町,193 ,541-0054,大阪府,大阪市中央区南本町2-3-7,34.682278,135.505355,大阪,
00001438,ホテル ラ・スイート神戸ハーバーランド,兵庫県／神戸・ハーバーランド,70 ,650-0042,兵庫県,神戸市中央区波止場町7-2,34.682625,135.184096,神戸,
00000032,ホテルオークラ神戸,兵庫県／神戸・メリケンパーク,468 ,650-8560,兵庫県,神戸市中央区波止場町2-1,34.68382,135.18799,神戸,
00000099,神戸ベイシェラトン ホテル＆タワーズ,兵庫県／神戸・六甲アイランド,268 ,658-0032,兵庫県,神戸市東灘区向洋町中2-13,34.689641,135.27009,神戸,
00000319,神戸メリケンパークオリエンタルホテル,兵庫県／神戸・メリケンパーク,323 ,650-0042,兵庫県,神戸市中央区波止場町5-6,34.68,135.188611,神戸,
00000155,グランドニッコー淡路,兵庫県／淡路島,201 ,656-2306,兵庫県,淡路市夢舞台2番地,34.560531,135.008743,神戸,
00000166,神戸ポートピアホテル,兵庫県／神戸・ポートアイランド,737 ,650-0046,兵庫県,神戸市中央区港島中町6丁目10番地1,34.665098,135.213789,神戸,
00002648,宝塚ホテル,兵庫県／阪急「宝塚駅」徒歩約4分,200 ,665-0845,兵庫県,宝塚市栄町1丁目1番33号,34.808224,135.344456,神戸,
00000416,ANAクラウンプラザホテル神戸,兵庫県／新神戸駅直結,592 ,650-0002,兵庫県,神戸市中央区北野町1丁目1番,34.705035,135.195393,神戸,
00000254,神戸北野ホテル,兵庫県／三宮・北野,30 ,650-0003,兵庫県,神戸市中央区山本通3-3-20,34.697033,135.187015,神戸,
00000966,神戸　西神オリエンタルホテル,兵庫県／西神中央駅前,30 ,651-2273,兵庫県,神戸市西区糀台5-6-3,34.720324,135.018059,神戸,
00001689,有馬温泉　有馬六彩,兵庫県／有馬温泉,134 ,651-1401,兵庫県,神戸市北区有馬町341-1,34.794513,135.249631,神戸,
00002619,都ホテル 博多,福岡県／博多,208 ,812-0013,福岡県,福岡市博多区博多駅東2-1-1,33.589737,130.422847,福岡,
00000041,ホテルオークラ福岡,福岡県／中洲川端駅直結,264 ,812-0027,福岡県,福岡市博多区下川端町3-2　博多リバレイン,33.595508,130.405116,福岡,
00000135,ホテルニューオータニ博多,福岡県／天神／渡辺通駅徒歩1分,372 ,810-0004,福岡県,福岡市中央区渡辺通1丁目1番2号,33.583092,130.406304,福岡,
00003070,ザ・リッツ・カールトン福岡,福岡県／福岡市,167 ,810-0041,福岡県,福岡市中央区大名2-6-50 福岡大名ガーデンシティ,33.589488,130.394803,福岡,
00000066,グランド ハイアット 福岡,福岡県／キャナルシティ博多,372 ,812-0018,福岡県,福岡市博多区住吉1-2-82,33.589866,130.410397,福岡,
00000585,西鉄グランドホテル,福岡県／天神駅徒歩5分,279 ,810-8587,福岡県,福岡市中央区大名2丁目6-60,33.589627,130.395594,福岡,
00000081,ヒルトン福岡 シーホーク,福岡県／百道浜　福岡PayPayドーム隣,1052 ,810-8650,福岡県,福岡市中央区地行浜2-2-3,33.594772,130.359195,福岡,
00000082,ホテル日航福岡,福岡県／博多駅前,360 ,812-0011,福岡県,福岡市博多区博多駅前2－18－25,33.591529,130.417082,福岡,
00000615,ANAクラウンプラザホテル福岡,福岡県／博多駅徒歩約5分,320 ,812-0011,福岡県,福岡市博多区博多駅前3-3-3,33.587333,130.417659,福岡,
00000725,THE LUIGANS－Spa ＆ Resort－ザ・ルイガンズ．,福岡県／海の中道,98 ,811-0321,福岡県,福岡市東区西戸崎18-25,33.659455,130.354778,福岡,
00000276,ホテルヨーロッパ【ハウステンボス直営ホテル】,長崎県／ハウステンボス,310 ,859-3293,長崎県,佐世保市ハウステンボス町7－7,33.083518,129.785168,九州その他,
00002935,ヒルトン長崎,長崎県／長崎市,200,850-0058,長崎県,長崎市尾上町4番2号,32.753136,129.867526,九州その他,
00003112,ロイヤルチェスター長崎ホテル＆リトリート,長崎県／長崎市,10,852-8156,長崎県,長崎市赤迫3-6-10,32.801834,129.854141,九州その他,
00000468,ホテルオークラJRハウステンボス,長崎県／ハウステンボス,320,859-3296,長崎県,佐世保市ハウステンボス町10番,33.089495,129.793844,九州その他,
00003191,長崎マリオットホテル,長崎県／長崎市,207,850-0058,長崎県,長崎市尾上町1-1,32.751625,129.87093,九州その他,
00000278,ホテルアムステルダム【ハウステンボス直営ホテル】,長崎県／ハウステンボス,198,859-3293,長崎県,佐世保市ハウステンボス町7-7,33.089134,129.790278,九州その他,
00001941,ホテルデンハーグ【ハウステンボス直営ホテル】,長崎県／ハウステンボス,228,859-3243,長崎県,佐世保市ハウステンボス町7-9,33.080848,129.785461,九州その他,
00000308,ホテル日航ハウステンボス,長崎県／ハウステンボス,377,859-3243,長崎県,佐世保市ハウステンボス町6番地,33.089842,129.788908,九州その他,
00000279,フォレストヴィラ【ハウステンボス直営ホテル】,長崎県／ハウステンボス,99,859-3293,長崎県,佐世保市ハウステンボス町7-7,33.081791,129.783726,九州その他,
00000677,熊本ホテルキャッスル,熊本県／熊本市内,150,860-8565,熊本県,熊本市中央区城東町4-2,32.805103,130.709969,九州その他,
00000854,ANAクラウンプラザホテル熊本ニュースカイ,熊本県／熊本市内,187,860-8575,熊本県,熊本市中央区東阿弥陀寺町2,32.793492,130.696599,九州その他,
00000552,ホテル日航熊本,熊本県／熊本,191,860-8536,熊本県,熊本市中央区上通町2-1,32.803512,130.711241,九州その他,
00002626,ANAインターコンチネンタル別府リゾート＆スパ,大分県／別府市,187,874-0000,大分県,別府市大字鉄輪499番地18,33.318177,131.461027,九州その他,
00001104,別府温泉　杉乃井ホテル（ORIX HOTELS＆RESORTS）,大分県／別府,554,874-0822,大分県,別府市観海寺1,33.283211,131.475687,九州その他,
00000548,ホテル日航大分 オアシスタワー,大分県／大分市内,157,870-0029,大分県,大分市高砂町2-48,33.238275,131.602246,九州その他,
00000558,レンブラントホテル大分,大分県／大分市内,144,870-0816,大分県,大分市田室町9番20号,33.233708,131.599115,九州その他,
00000431,シェラトン・グランデ・オーシャンリゾート,宮崎県／シーガイア,734,880-8545,宮崎県,宮崎市山崎町浜山,31.959054,131.47009,九州その他,
00000976,ANA ホリデイ・イン リゾート 宮崎,宮崎県／青島,214,889-2162,宮崎県,宮崎市青島1-16-1,31.806141,131.461001,九州その他,
00000974,宮崎観光ホテル,宮崎県／宮崎市,295,880-8512,宮崎県,宮崎市松山1-1-1,31.905938,131.425835,九州その他,
00000213,SHIROYAMA HOTEL kagoshima（城山ホテル鹿児島）,鹿児島県／鹿児島市内,355,890-8586,鹿児島県,鹿児島市新照院町41番1号,31.595415,130.547854,九州その他,
00003045,シェラトン鹿児島,鹿児島県／鹿児島市,228,890-0051,鹿児島県,鹿児島市高麗町43-15,31.579083,130.553621,九州その他,
00002622,ホテルシギラミラージュ,沖縄県／宮古島市,160 ,906-0202,沖縄県,宮古島市上野字新里1405-201,24.720633,125.339164,沖縄・宮古島,
00003145,グランドメルキュール沖縄残波岬リゾート,沖縄県／中頭郡,465 ,904-0328,沖縄県,中頭郡読谷村宇座1575番地,26.434936,127.718078,沖縄・宮古島,
00002526,ハイアット リージェンシー 瀬良垣アイランド 沖縄,沖縄県／恩納村,343 ,904-0404,沖縄県,国頭郡恩納村瀬良垣1108番地,26.512072,127.868893,沖縄・宮古島,
00000998,シギラベイサイドスイート アラマンダ,沖縄県／宮古島,174 ,906-0202,沖縄県,沖縄県宮古島市上野新里926-25,24.723303,125.336688,沖縄・宮古島,
00002629,ハレクラニ沖縄,沖縄県／恩納村,360 ,904-0401,沖縄県,国頭郡恩納村字名嘉真1967-1,26.526468,127.922712,沖縄・宮古島,
00003013,Southwest Grand Hotel,沖縄県／那覇市,88 ,900-0015,沖縄県,沖縄県那覇市久茂地3-29-52,26.215721,127.684057,沖縄・宮古島,
00000203,ザ・ブセナテラス,沖縄県／名護,408 ,905-0026,沖縄県,名護市喜瀬1808,26.540505,127.935812,沖縄・宮古島,
00000330,ホテル日航アリビラ　ヨミタンリゾート沖縄,沖縄県／読谷,397 ,904-0393,沖縄県,中頭郡読谷村字儀間600,26.415383,127.71512,沖縄・宮古島,
00001705,ザ・テラスクラブ アット ブセナ,沖縄県／名護,68 ,905-0026,沖縄県,名護市喜瀬1750,26.537228,127.936607,沖縄・宮古島,
00000377,ANAインターコンチネンタル石垣リゾート,沖縄県／石垣島,458 ,907-0002,沖縄県,石垣市真栄里354-1,24.335953,124.189239,沖縄・宮古島,
00000322,宮古島東急ホテル＆リゾーツ,沖縄県／宮古島,247 ,906-0305,沖縄県,宮古島市下地字与那覇914,24.740222,125.261944,沖縄・宮古島,
00000550,ANAインターコンチネンタル万座ビーチリゾート,沖縄県／恩納,400 ,904-0493,沖縄県,国頭郡恩納村字瀬良垣2260,26.508365,127.858069,沖縄・宮古島,
00003061,ヒルトン沖縄宮古島リゾート,沖縄県／宮古島市,329 ,906-0015,沖縄県,宮古島市平良久貝550-7,24.801332,125.259158,沖縄・宮古島,
00000958,オリエンタルホテル 沖縄リゾート&スパ,沖縄県／名護,361 ,905-0026,沖縄県,名護市喜瀬1490-1,26.530114,127.933638,沖縄・宮古島,
00001519,カフー リゾート フチャク コンド・ホテル,沖縄県／恩納,333 ,904-0413,沖縄県,国頭郡恩納村冨着志利福地原246-1,26.456588,127.811765,沖縄・宮古島,
00003183,ホテル シギラミラージュ ビーチフロント,沖縄県／宮古島市,93 ,906-0202,沖縄県,宮古島市上野字新里1405-271,24.719721,125.339735,沖縄・宮古島,
00002685,星野リゾート　リゾナーレ小浜島,沖縄県／小浜島,60 ,907-1221,沖縄県,八重山郡竹富町小浜2954,24.332489,123.999818,沖縄・宮古島,
00002142,ハイアット リージェンシー 那覇 沖縄,沖縄県／那覇,294 ,900-0013,沖縄県,那覇市牧志3-6-20,26.214429,127.690225,沖縄・宮古島,
00001552,ロワジール スパタワー 那覇,沖縄県／那覇／那覇空港 車7分,89 ,900-0036,沖縄県,那覇市西3-2-1,26.21374,127.665972,沖縄・宮古島,
00000627,ラグナガーデンホテル,沖縄県／宜野湾,303 ,901-2224,沖縄県,宜野湾市真志喜4-1-1,26.280738,127.738271,沖縄・宮古島,
00001807,ザ・リッツ・カールトン沖縄,沖縄県／名護,97 ,905-0026,沖縄県,名護市喜瀬1343-1,26.52807,127.939835,沖縄・宮古島,
00000205,ザ・ナハテラス,沖縄県／那覇／那覇空港 車20分,145 ,900-0006,沖縄県,那覇市おもろまち2-14-1,26.223776,127.691678,沖縄・宮古島,
00002565,アラマハイナ コンドホテル,沖縄県／本部町,100 ,905-0205,沖縄県,国頭郡本部町山川1421-1,26.682656,127.883256,沖縄・宮古島,
00002009,ヒルトン沖縄北谷リゾート,沖縄県／北谷,346 ,904-0115,沖縄県,中頭郡北谷町美浜40-1,26.319125,127.754931,沖縄・宮古島,
00002795,ヒルトン沖縄瀬底リゾート,沖縄県／沖縄本島（中部北部）,298 ,905-0227,沖縄県,国頭郡本部町瀬底5750,26.647875,127.8569,沖縄・宮古島,
00002311,シェラトン沖縄サンマリーナリゾート,沖縄県／恩納,246 ,904-0494,沖縄県,国頭郡恩納村字冨着66-1,26.461227,127.811794,沖縄・宮古島,
00000643,ロワジールホテル 那覇,沖縄県／那覇／那覇空港 車7分,437 ,900-0036,沖縄県,那覇市西3-2-1,26.21387,127.665952,沖縄・宮古島,
00002531,ダブルツリーbyヒルトン沖縄北谷リゾート,沖縄県／北谷,160 ,904-0115,沖縄県,中頭郡北谷町美浜43,26.317681,127.753665,沖縄・宮古島,
00001951,ダブルツリーbyヒルトン那覇,沖縄県／ゆいレール旭橋駅すぐ,225 ,900-0034,沖縄県,那覇市東町3-15,26.211992,127.674994,沖縄・宮古島,
00002989,星野リゾート　BEB5沖縄瀬良垣,沖縄県／恩納村,105 ,904-0404,沖縄県,国頭郡恩納村瀬良垣1860-4,26.502923,127.862353,沖縄・宮古島,
00003139,グランドメルキュール伊勢志摩リゾート＆スパ,三重県／志摩市,372 ,517-0204,三重県,志摩市磯部町的矢字笠取939番地6,34.373287,136.851244,伊勢志摩,
00000818,鳥羽国際ホテル,三重県／鳥羽,84 ,517-0011,三重県,鳥羽市鳥羽1-23-1,34.491864,136.841808,伊勢志摩,
00000801,志摩観光ホテル ザ クラシック,三重県／志摩・賢島,114 ,517-0502,三重県,志摩市阿児町神明731（賢島）,34.309391,136.816755,伊勢志摩,
00001400,志摩観光ホテル ザ ベイスイート,三重県／志摩・賢島,50 ,517-0502,三重県,志摩市阿児町神明731（賢島）,34.307873,136.815338,伊勢志摩,
00000772,都リゾート 志摩 ベイサイドテラス（旧 海辺ホテル プライムリゾート賢島）,三重県／志摩・賢島,108 ,517-0501,三重県,志摩市阿児町鵜方3618-33,34.317047,136.806412,伊勢志摩,
00001675,都リゾート 奥志摩 アクアフォレスト（旧 ホテル近鉄アクアヴィラ伊勢志摩）,三重県／志摩大王,127 ,517-0604,三重県,志摩市大王町船越3238-1,34.28268,136.83737,伊勢志摩,
00000936,ホテル志摩スペイン村,三重県／磯部,252 ,517-0212,三重県,志摩市磯部町坂崎,34.358605,136.844207,伊勢志摩,
00000100,リーガロイヤルホテル広島,広島県／広島市内,491 ,730-0011,広島県,広島市中区基町6-78,34.397598,132.457682,広島,
00000592,ホテルグランヴィア広島,広島県／広島駅直結,407 ,732-0822,広島県,広島市南区松原町1-5,34.399046,132.47553,広島,
00000648,グランドプリンスホテル広島,広島県／広島市内,510 ,734-8543,広島県,広島市南区元宇品町23-1,34.343224,132.464081,広島,
00000897,ANAクラウンプラザホテル広島,広島県／広島市内,402 ,730-0037,広島県,広島市中区中町7-20,34.390404,132.456885,広島,
00002983,ヒルトン広島,広島県／広島市,420 ,730-0043,広島県,広島市中区富士見町11-12,34.386191,132.462078,広島,
00002489,ホテル宮島別荘,広島県／宮島,42 ,739-0505,広島県,廿日市市宮島町1165,34.302604,132.323779,広島,
00001701,シェラトングランドホテル広島,広島県／広島駅周辺,238 ,732-0053,広島県,広島市東区若草町12番1号,34.397835,132.477943,広島,
00001242,オリエンタルホテル広島,広島県／広島市内,227 ,730-0026,広島県,広島市中区田中町6-10,34.388422,132.463846,広島,
00000565,JRホテルクレメント徳島,徳島県／JR徳島駅直結,250 ,770-0831,徳島県,徳島市寺島本町西1-61,34.074434,134.551072,四国,
00002382,ロイヤルパークホテル高松,香川県／高松市,73 ,760-0052,香川県,高松市瓦町1-3-11,34.341588,134.051893,四国,
00000820,オークラホテル丸亀,香川県／丸亀市,285 ,763-0011,香川県,丸亀市富士見町3丁目3番50号,34.306804,133.7952,四国,
00000693,ANAクラウンプラザホテル松山,愛媛県／松山,330 ,790-8520,愛媛県,松山市一番町3-2-1,33.840939,132.768754,四国,
00000667,リーガロイヤルホテル新居浜,愛媛県／新居浜市,94 ,792-0007,愛媛県,新居浜市前田町6-9,33.956536,133.266825,四国,
00003169,メルキュール高知土佐リゾート&スパ,高知県／安芸郡,195 ,781-5703,高知県,安芸郡芸西村西分甲2995,33.522827,133.785372,四国,
00003163,メルキュール長野松代リゾート&スパ,長野県／長野市,345 ,381-1215,長野県,長野市松代町西寺尾1372-1,36.571551,138.200613,長野・軽井沢,
00000621,上高地帝国ホテル,長野県／上高地,74 ,390-1516,長野県,松本市安曇上高地,36.242693,137.628383,長野・軽井沢,
00000928,軽井沢プリンスホテル ウエスト,長野県／軽井沢,421 ,389-0193,長野県,北佐久郡軽井沢町大字軽井沢1016-87,36.336595,138.63346,長野・軽井沢,
00002317,軽井沢マリオットホテル,長野県／軽井沢,142 ,389-0111,長野県,北佐久郡軽井沢町長倉4339,36.339648,138.577407,長野・軽井沢,
00000553,白馬東急ホテル,長野県／白馬八方温泉,102 ,399-9301,長野県,北安曇郡白馬村大字北城4688,36.706186,137.839263,長野・軽井沢,
00000969,ANAホリデイ・インリゾート信濃大町くろよん,長野県／日向山高原,73 ,398-0001,長野県,大町市平2020,36.529582,137.795121,長野・軽井沢,
00001313,ザ・プリンス 軽井沢,長野県／軽井沢,99 ,389-0193,長野県,北佐久郡軽井沢町大字軽井沢1049-1,36.329624,138.637446,長野・軽井沢,
00000204,蓼科東急ホテル,長野県／蓼科,78 ,391-0301,長野県,茅野市北山字鹿山4026-2,36.067866,138.253064,長野・軽井沢,
00001079,星野リゾート　軽井沢ホテルブレストンコート,長野県／軽井沢,39 ,389-0195,長野県,北佐久郡軽井沢町星野,36.357672,138.588827,長野・軽井沢,
00000945,ホテルメトロポリタン長野,長野県／長野駅横,235 ,380-0824,長野県,長野市南石堂町1346番地,36.642842,138.186988,長野・軽井沢,
00002029,テラス蓼科リゾート＆スパ,長野県／蓼科高原,60 ,391-0301,長野県,茅野市北山4035-949,36.051896,138.250813,長野・軽井沢,
00000590,ホテルブエナビスタ,長野県／松本,190 ,390-0814,長野県,松本市本庄1丁目2番1号,36.227738,137.96813,長野・軽井沢,
00002630,軽井沢プリンスホテル イースト,長野県／軽井沢,159 ,389-0193,長野県,北佐久郡軽井沢町大字軽井沢1016-75,36.339786,138.6397,長野・軽井沢,
00001952,軽井沢ホテル ロンギングハウス,長野県／軽井沢,65 ,389-0102,長野県,北佐久郡軽井沢町大字軽井沢泉の里,36.345291,138.614764,長野・軽井沢,
00000927,志賀高原プリンスホテル,長野県／奥志賀,472 ,381-0497,長野県,下高井郡山ノ内町志賀高原焼額山,36.745433,138.516781,長野・軽井沢,
00002417,コートヤード・バイ・マリオット 白馬,長野県／白馬村みそらの地区,72 ,399-9301,長野県,北安曇郡白馬村北城2937,36.691207,137.83783,長野・軽井沢,
00003146,プリンス バケーション クラブ 軽井沢浅間,長野県／軽井沢,48 ,389-0113,長野県,北佐久郡軽井沢町発地南軽井沢,36.30169,138.644286,長野・軽井沢,
